{
    "epoch": 3.0,
    "eval_gen_len": 145.8029,
    "eval_loss": 1.9152075052261353,
    "eval_rouge1": 42.9959,
    "eval_rouge2": 15.3446,
    "eval_rougeL": 26.9189,
    "eval_rougeLsum": 40.1558,
    "eval_runtime": 2497.9735,
    "eval_samples": 2608,
    "eval_samples_per_second": 1.044,
    "eval_steps_per_second": 1.044,
    "test_gen_len": 145.79,
    "test_loss": 1.8646413087844849,
    "test_rouge1": 43.21,
    "test_rouge2": 15.9021,
    "test_rougeL": 27.5519,
    "test_rougeLsum": 40.4693,
    "test_runtime": 96.8602,
    "test_samples": 100,
    "test_samples_per_second": 1.032,
    "test_steps_per_second": 1.032,
    "total_flos": 2.414493168341299e+16,
    "train_loss": 1.914823052450036,
    "train_runtime": 11127.6095,
    "train_samples": 20931,
    "train_samples_per_second": 5.643,
    "train_steps_per_second": 5.643
}