{
    "rouge1": 43.25396646797377,
    "rouge2": 15.954881169993223,
    "rouge3": 7.9714798504968885,
    "rouge4": 4.890290280960895,
    "rougeL": 27.57060317593533,
    "words": 117.38,
    "bert_score": 86.8378359079361,
    "bert_score_deberta-large": 60.8961663544178,
    "sari": 45.675860998078015
}