{
    "rouge1": 38.66056705658196,
    "rouge2": 11.403440379880717,
    "rouge3": 3.8951672792791214,
    "rouge4": 1.5137469755497182,
    "rougeL": 21.651087848594898,
    "words": 177.59,
    "bert_score": 86.59036600589752,
    "bert_score_deberta-large": 61.277609407901764,
    "sari": 42.183110864753836
}