{
    "rouge1": 41.148566051730796,
    "rouge2": 12.930128046485008,
    "rouge3": 5.099714357947123,
    "rouge4": 2.2906940163003515,
    "rougeL": 24.026642401494684,
    "words": 133.98,
    "bert_score": 87.06445616483688,
    "bert_score_deberta-large": 62.466386556625366,
    "sari": 42.508862640013724
}